
A-Z List of Country and Other Area Pages

A | B | C | D | E | F | G | H | I | J | K | L | M | N | O | P | Q | R | S | T | U | V | W | X | Y | Z

A
Afghanistan - Kabul
Albania
Algeria
Andorra
Angola
Antigua and Barbuda
Argentina
Armenia
Aruba
Australia - Melbourne
Austria
Azerbaijan
Top of Page

B
Bahamas, The
Bahrain - Manama
Bangladesh - Dhaka
Barbados - Bridgetown
Belarus - Minsk
Belgium - Brussels
Belize
Benin
Bhutan
Bolivia
Bosnia and Herzegovina
Botswana
Brazil
Brunei
Bulgaria
Burkina Faso
Burma
Burundi
Top of Page
C
Cambodia
Cameroon
Canada
Cape Verde
Central African Republic
Chad
Chile
China
Colombia
Comoros
Congo, Democratic Republic of the
Congo, Republic of the
Costa Rica
Cote d'Ivoire
Croatia
Cuba
Curacao
Cyprus
Czech Republic
Top of Page

D
Denmark
Djibouti
Dominica
Dominican Republic
Top of Page

E
East Timor (see Timor-Leste)
Ecuador
Egypt
El Salvador
Equatorial Guinea
Eritrea
Estonia
Ethiopia
Top of Page

F
Fiji
Finland
France
Top of Page

G
Gabon
Gambia, The
Georgia
Germany
Ghana
Greece
Grenada
Guatemala
Guinea
Guinea-Bissau
Guyana
Top of Page

H
Haiti
Holy See
Honduras
Hong Kong
Hungary
Top of Page
I
Iceland
India - New Delhi
Indonesia
Iran
Iraq
Ireland
Israel
Italy
Top of Page
J
Jamaica
Japan
Jordan
Top of Page
K
Kazakhstan
Kenya
Kiribati
Korea, North
Korea, South
Kosovo
Kuwait
Kyrgyzstan
Top of Page
L
Laos
Latvia
Lebanon
Lesotho
Liberia
Libya
Liechtenstein
Lithuania
Luxembourg
Top of Page
M

Macau
Macedonia
Madagascar
Malawi
Malaysia
Maldives
Mali
Malta
Marshall Islands
Mauritania
Mauritius
Mexico
Micronesia
Moldova
Monaco
Mongolia
Montenegro
Morocco
Mozambique
Top of Page
N
Namibia
Nauru
Nepal
Netherlands
Netherlands Antilles
New Zealand
Nicaragua
Niger
Nigeria
North Korea
Norway
Top of Page

O
Oman

Top of Page
P
Pakistan - Karachi
Palau
Palestinian Territories
Panama
Papua New Guinea
Paraguay
Peru
Philippines
Poland
Portugal
Top of Page

Q
Qatar


R
Romania
Russia - Moscow
Rwanda


S
Saint Kitts and Nevis
Saint Lucia
Saint Vincent and the Grenadines
Samoa
San Marino
Sao Tome and Principe
Saudi Arabia
Senegal
Serbia
Seychelles
Sierra Leone
Singapore
Sint Maarten
Slovakia
Slovenia
Solomon Islands
Somalia
South Africa - Pretoria, Cape Town, Bloemfontein
South Korea
South Sudan
Spain
Sri Lanka
Sudan
Suriname
Swaziland
Sweden
Switzerland
Syria
Top of Page
T

Taiwan
Tajikistan
Tanzania
Thailand
Timor-Leste
Togo
Tonga
Trinidad and Tobago
Tunisia
Turkey
Turkmenistan
Tuvalu
Top of Page

U
Uganda
Ukraine
United Arab Emirates
United Kingdom
Uruguay
Uzbekistan
Top of Page

V
Vanuatu
Venezuela
Vietnam
Top of Page

Y
Yemen - Hodeidah
Top of Page

Z
Zambia
Zimbabwe


